Date,Close,High,Low,Open,Volume
,HDFCBANK.NS,HDFCBANK.NS,HDFCBANK.NS,HDFCBANK.NS,HDFCBANK.NS
2023-01-02,1571.25634765625,1581.9166656298646,1561.4644283562995,1569.616353090282,2190689
2023-01-03,1581.530517578125,1585.0518065565093,1564.9853701770307,1564.9853701770307,4189015
2023-01-04,1553.26416015625,1587.7049868342542,1550.321685458087,1577.3341354847369,5175800
2023-01-05,1543.2789306640625,1560.9818249273105,1533.3422797683302,1558.0393505648565,5470718
2023-01-06,1538.1658935546875,1552.3473807494127,1522.537193258237,1545.4978197081844,4546231
2023-01-09,1541.1566162109375,1554.7111236973547,1533.9211391395247,1539.709520796655,5364670
2023-01-10,1512.986572265625,1543.5684755821242,1509.8029151787653,1543.5684755821242,8185883
2023-01-11,1534.7894287109375,1541.6389901580285,1504.9792394533945,1512.6487980869458,7597899
2023-01-12,1542.98974609375,1547.3310326708622,1528.2776082490916,1531.7988975812918,4625035
2023-01-13,1544.1956787109375,1553.119434566503,1530.0623553434598,1542.3626674686989,4622273
2023-01-16,1529.3870849609375,1564.1173778788575,1524.563433166782,1558.039529512247,7374047
2023-01-17,1552.1546630859375,1554.1805732410862,1521.8621069446392,1533.7283371982635,5393177
2023-01-18,1579.5531005859375,1583.7013705670302,1543.2791440330307,1548.3922621604706,9545321
2023-01-19,1586.113037109375,1591.8049693406087,1575.4045545049783,1579.2634756427735,5586081
2023-01-20,1602.36865234375,1610.1347779172047,1585.4377072133404,1586.1129712784573,9421702
2023-01-23,1614.09033203125,1623.2552703959923,1602.8030339932786,1607.481952658081,7722200
2023-01-24,1635.7001953125,1642.3568578201632,1615.923224505124,1615.971508125259,12491970
2023-01-25,1590.502685546875,1633.240168599333,1587.2708624873728,1631.7449072435593,7352071
2023-01-27,1558.811279296875,1579.2635147273847,1533.8729066147398,1574.4398631857616,17589974
2023-01-30,1557.219482421875,1567.976249131562,1526.2033788251288,1538.7448730885465,9256411
2023-01-31,1546.9449462890625,1565.4677198683135,1538.7447392148767,1562.5735291362478,9298122
2023-02-01,1570.1468505859375,1606.275953300447,1549.3568654657768,1566.7220109068626,8651395
2023-02-02,1546.8004150390625,1567.204485915605,1532.7153751913927,1551.3828842961257,8748553
2023-02-03,1600.294677734375,1601.9346721476147,1550.3216008077186,1554.1805220293932,7205550
2023-02-06,1593.4932861328125,1610.520799620864,1588.1389858177972,1601.4523111732822,5583836
2023-02-07,1595.8568115234375,1606.1794963689108,1575.0186606438303,1600.8734797309821,5132294
2023-02-08,1595.6639404296875,1609.363063791733,1591.805019171091,1595.9051230083498,4222413
2023-02-09,1592.335693359375,1603.044176469872,1577.8647384087215,1601.4523478723136,5888668
2023-02-10,1598.6546630859375,1600.005309148909,1584.2801571052632,1590.6474717214232,4086058
2023-02-13,1599.8604736328125,1603.1405802143702,1586.5472661169797,1596.628650672353,2868472
2023-02-14,1614.6690673828125,1618.3350896546192,1599.474565050735,1606.275960819637,5454296
2023-02-15,1611.3890380859375,1618.8174141557708,1598.3168956511165,1618.8174141557708,5719356
2023-02-16,1605.552490234375,1622.5800045205071,1602.4171165866287,1614.1867797891173,4031250
2023-02-17,1597.496826171875,1609.3147715985804,1585.0034989189764,1602.4169268373557,4478135
2023-02-20,1582.495361328125,1610.5689901664211,1577.1411786959632,1601.4523357226476,4043353
2023-02-21,1588.428466796875,1603.7194187669563,1576.3693378354656,1582.157719736942,6194648
2023-02-22,1557.267578125,1584.0388435197215,1552.2993113717953,1581.1929362864337,5179551
2023-02-23,1546.7037353515625,1561.7535033292095,1535.9469697750824,1556.109855058207,13941005
2023-02-24,1532.9083251953125,1560.8373409929682,1529.2905861877102,1560.8373409929682,8530870
2023-02-27,1536.718994140625,1542.6038257075982,1521.6692242720744,1529.9658817078837,7156486
2023-02-28,1543.1824951171875,1548.68152823952,1532.6669117658125,1535.850568719001,9496996
2023-03-01,1541.6873779296875,1556.1100495094959,1539.4684510259008,1555.1453191626208,7068628
2023-03-02,1528.5667724609375,1549.3084724960845,1526.2032304931336,1537.779993303448,8695907
2023-03-03,1558.90771484375,1562.8630855195481,1531.9917159290387,1539.709558326666,7493117
2023-03-06,1569.90576171875,1581.6271413791937,1560.9820058899734,1562.8631829857409,13502355
2023-03-08,1573.041015625,1581.675304582471,1562.863063997318,1562.863063997318,10049887
2023-03-09,1573.1856689453125,1587.8978061684572,1569.6162139053415,1572.4621212130269,10350083
2023-03-10,1532.6187744140625,1556.833480755398,1529.0974853585167,1553.649823743003,13693500
2023-03-13,1513.227783203125,1547.2345268181991,1509.7546598560236,1531.8952912516052,13221775
2023-03-14,1509.17578125,1527.746839032758,1504.3039640230893,1514.8677134221161,16592806
2023-03-15,1487.5177001953125,1527.071643215181,1482.4045824062837,1522.3444411061616,18632377
2023-03-16,1497.1650390625,1504.1110504085325,1478.0151653554417,1484.7199941163353,10876671
2023-03-17,1517.18310546875,1523.5020181732555,1485.6846381269052,1502.56741810562,11475438
2023-03-20,1506.6676025390625,1512.7936166208592,1490.8942850954022,1512.6488835174446,13251557
2023-03-21,1523.7432861328125,1526.6857607713946,1501.3133057612897,1516.5078085936116,16525247
2023-03-22,1520.22216796875,1530.1106542860766,1510.0924990583178,1528.1329099166362,7088662
2023-03-23,1508.0181884765625,1534.2588054693156,1503.580452659911,1512.455924293214,14182089
2023-03-24,1505.6064453125,1518.389122458762,1500.1074116547695,1504.979347031583,15738874
2023-03-27,1512.1663818359375,1523.7431448250618,1503.91800886514,1507.1015480281956,15936003
2023-03-28,1524.466796875,1527.071639384831,1508.9346623542654,1510.4782073054998,19638151
2023-03-29,1531.798828125,1545.4979513745325,1526.1068957623324,1528.1328058534702,19881806
2023-03-31,1552.7816162109375,1556.0616048388968,1536.2364689214114,1539.323558605934,17355614
2023-04-03,1553.7464599609375,1558.7147268841345,1546.221516378439,1550.8522690084276,20012699
2023-04-05,1595.4227294921875,1597.5933726615647,1559.004160761527,1561.5124359820436,21682696
2023-04-06,1607.578369140625,1610.3278270406204,1589.0073102038157,1590.4062398476265,22318672
2023-04-10,1599.9569091796875,1612.0643214768825,1595.6639064768185,1604.5876616974417,15906643
2023-04-11,1604.635986328125,1610.5208177196796,1592.8662057800839,1600.4875988514102,21180771
2023-04-12,1625.4742431640625,1628.6577827636997,1608.9773771952096,1609.1702761655129,13477752
2023-04-13,1632.7576904296875,1637.1955438620853,1618.9621182946103,1628.754154040562,17665043
2023-04-17,1607.8677978515625,1659.3361364374953,1594.9886717409204,1659.3361364374953,16202574
2023-04-18,1601.06640625,1618.0939198524095,1597.9793163498448,1611.0996250729013,14818613
2023-04-19,1606.9512939453125,1611.3891477591312,1598.7029201268836,1606.2760298075236,12370584
2023-04-20,1612.9326171875,1618.2867997103544,1607.6266005208395,1612.7396004679365,16461358
2023-04-21,1615.5372314453125,1617.8043239494439,1604.5875668075464,1610.1347656707019,10064309
2023-04-24,1628.6094970703125,1631.7930364357046,1615.0549891030907,1627.5000336603557,17837926
2023-04-25,1605.4559326171875,1628.1752602447204,1603.2852894687967,1628.1752602447204,25176534
2023-04-26,1612.8360595703125,1615.9231492270462,1596.628544460156,1601.4521956518786,13696375
2023-04-27,1621.711669921875,1625.8117737869363,1607.0959820028468,1611.5820015493707,23895196
2023-04-28,1628.078857421875,1631.3589640486432,1611.0996274164602,1625.2811159530158,13958136
2023-05-02,1627.7412109375,1639.0767920478959,1622.6763768243443,1629.1400227770662,16110592
2023-05-03,1633.43310546875,1636.1825632277923,1620.4092466223024,1625.5222464734327,14703635
2023-05-04,1666.861083984375,1673.2764463618742,1627.5964895373907,1627.5964895373907,28427319
2023-05-05,1568.3138427734375,1602.368751857033,1564.8890030871237,1581.1929687831453,31385208
2023-05-08,1586.45068359375,1592.1426158767842,1572.5103779625686,1577.3340294287113,18622262
2023-05-09,1586.4990234375,1597.5934222027972,1582.1094533417788,1591.708590758539,21844469
2023-05-10,1593.830810546875,1596.2909197719375,1575.5009359340202,1586.4988842547175,23170275
2023-05-11,1594.89208984375,1628.4647514947558,1591.0814522527999,1606.4206876237754,17867309
2023-05-12,1608.977294921875,1613.8009465821938,1586.2578484958008,1588.910856908976,11239380
2023-05-15,1616.6951904296875,1621.4705586235411,1606.3725048801873,1613.0291679420263,9256130
2023-05-16,1607.425048828125,1631.3319950607224,1604.2048818934747,1631.3319950607224,16361043
2023-05-17,1598.7891845703125,1610.0596497648444,1586.0063105679958,1610.0596497648444,15233434
2023-05-18,1605.1806640625,1613.9139701812826,1600.3016954787233,1608.108045212766,24823471
2023-05-19,1607.03466796875,1610.0596046149383,1592.0562585004207,1608.108017215405,15230166
2023-05-22,1601.326416015625,1612.889548382278,1593.1784427330235,1605.1807537660256,14167016
2023-05-23,1597.5694580078125,1609.669324165442,1593.9102314953507,1609.0838717465374,11235037
2023-05-24,1576.6875,1595.1787428737548,1574.5406824017723,1588.1530759160523,16794056
2023-05-25,1570.6375732421875,1580.8346892500563,1558.6840999792341,1576.5898912071812,14888465
2023-05-26,1576.6875,1579.8099921777698,1563.4654477868014,1579.8099921777698,13317533
2023-05-29,1595.91064453125,1601.277510043278,1585.5184174894157,1589.0800884250325,10908146
2023-05-30,1597.13037109375,1602.8875778644199,1589.1289102365101,1594.0565970528849,18562964
2023-05-31,1571.857421875,1595.374028676315,1565.807547949758,1590.4463414462825,21667135
2023-06-01,1565.173095703125,1580.6882393651658,1561.2699209008729,1580.6882393651658,25183469
2023-06-02,1567.612548828125,1575.7116840281592,1562.2456835815924,1573.4184735850163,8929855
2023-06-05,1565.5635986328125,1577.3706798054818,1563.660729251,1575.4190922028768,9348621
2023-06-06,1560.6844482421875,1570.881444634513,1553.707499550651,1568.7347461673205,16091426
2023-06-07,1568.783447265625,1573.5161418926298,1557.3667088879977,1564.6363241373206,12474513
2023-06-08,1569.75927734375,1586.6405559977752,1564.4412493256045,1564.4412493256045,18697761
2023-06-09,1571.6134033203125,1579.322197834097,1568.1005696134655,1576.785157885566,9106289
2023-06-12,1562.0506591796875,1576.687565209799,1560.7332423446205,1573.5162355699415,6704146
2023-06-13,1564.685302734375,1570.0521684437851,1551.6096424556315,1551.6096424556315,13963054
2023-06-14,1562.9776611328125,1572.979547211546,1561.4651331527755,1571.4670192315089,10056984
2023-06-15,1543.7545166015625,1567.075891432169,1540.7782980819518,1565.1731413068085,17688738
2023-06-16,1563.9534912109375,1570.2473134872712,1545.657357715255,1548.73113196562,7889636
2023-06-19,1565.319580078125,1575.1750732068015,1559.6599286378619,1572.0037434945993,12414573
2023-06-20,1568.58837890625,1572.003656869654,1552.146278819808,1565.319493821509,10002813
2023-06-21,1596.0081787109375,1597.6182621660764,1572.0036771107339,1576.8826456927038,12154473
2023-06-22,1603.8145751953125,1617.4269694050936,1599.3747851255607,1600.3017415369793,28298070
2023-06-23,1603.717041015625,1619.7200824673466,1594.4958376501845,1597.9111158026365,10669609
2023-06-26,1595.95947265625,1610.7914896122873,1589.2751903556589,1605.180675700265,8065157
2023-06-27,1618.451416015625,1632.405313649559,1598.8868236908677,1603.1802207024389,16915932
2023-06-28,1635.5767822265625,1639.2360089330107,1620.3055856152284,1629.575626604897,29781475
2023-06-30,1660.2154541015625,1667.436351431211,1642.5047743130604,1662.7524939429406,20349508
2023-07-03,1678.170166015625,1714.9575433389346,1668.6073394649093,1671.0468238793317,22052058
2023-07-04,1686.36669921875,1704.7116692356387,1672.3153646101384,1681.7316789389165,19397594
2023-07-05,1632.7957763671875,1678.3652981534285,1628.1607559217057,1674.7060714859429,18582877
2023-07-06,1634.4544677734375,1646.9933931508795,1620.2079033998145,1632.5028803492305,26078272
2023-07-07,1620.2080078125,1634.4545731042288,1616.207277158141,1624.6966353543528,9963168
2023-07-10,1616.353515625,1636.1621764707356,1609.766907787709,1620.7934248503902,19199221
2023-07-11,1608.4984130859375,1635.4302962900595,1605.6685874375255,1622.7449777627498,25335213
2023-07-12,1593.42236328125,1625.9651802763124,1587.7628309761358,1615.2801671985094,35479179
2023-07-13,1601.3751220703125,1617.3293262865604,1598.399022559767,1616.597480963655,20956773
2023-07-14,1604.6927490234375,1613.5724479222179,1595.4227088192888,1613.5724479222179,12363607
2023-07-17,1638.2601318359375,1641.2850686030201,1593.4711754035268,1610.0596689625347,24626464
2023-07-18,1636.8939208984375,1662.7524537770119,1629.575468196954,1656.8976916158251,40538409
2023-07-19,1644.31005859375,1647.8717296786176,1634.4545653363048,1640.4068835123499,16467567
2023-07-20,1647.8717041015625,1651.043033805977,1639.3335087435235,1640.4556953850984,28105474
2023-07-21,1635.186279296875,1648.8962283150465,1632.7467950669825,1639.333402487692,21077124
2023-07-24,1637.772216796875,1643.8709275964975,1629.6730812087985,1637.86977234658,16089722
2023-07-25,1655.5316162109375,1657.8735449827957,1637.7722179956165,1643.8709287997028,27996298
2023-07-26,1649.7744140625,1658.4590020952107,1647.1398186338492,1658.4590020952107,12397179
2023-07-27,1632.6492919921875,1661.7767108101334,1627.0871963000095,1658.7517740909373,29870651
2023-07-28,1603.717041015625,1628.5022262879372,1601.3751121737112,1621.2813286568062,20507842
2023-07-31,1611.2305908203125,1616.69513110747,1599.0331689569216,1610.1085233012388,17282503
2023-08-01,1622.01318359375,1627.0872635184455,1610.059709989284,1614.4019445912572,17697094
2023-08-02,1600.7896728515625,1611.5234042757425,1593.6176124957688,1602.2533635003144,14058161
2023-08-03,1589.2265625,1611.3770336442076,1583.7133038237955,1600.3017980721038,28836973
2023-08-04,1612.2064208984375,1616.4023817601737,1589.8120014988006,1595.569208571142,18694152
2023-08-07,1611.2794189453125,1622.8425509826332,1607.6690297405617,1622.8425509826332,14150459
2023-08-08,1609.962158203125,1615.5241350226497,1602.302200963797,1611.7185155124987,21886914
2023-08-09,1610.5474853515625,1614.4506601115784,1591.6170639423972,1612.9869695765724,16680618
2023-08-10,1596.252197265625,1614.2068262591354,1591.5196213562942,1607.1811588386288,25390559
2023-08-11,1579.614990234375,1598.7405241545077,1577.0778311597512,1598.7405241545077,14112911
2023-08-14,1571.9061279296875,1575.9068583600204,1561.5139009849056,1572.0036834786333,15652205
2023-08-16,1567.31982421875,1570.686384019441,1543.022655901694,1544.7790131270835,17068771
2023-08-17,1558.6353759765625,1570.9303531783044,1555.4152090143568,1558.9280426269338,26442020
2023-08-18,1552.243896484375,1557.659599403531,1547.1209793342616,1549.121404153342,12816683
2023-08-21,1551.024169921875,1561.757901201611,1548.5846855401167,1561.757901201611,10918635
2023-08-22,1544.388671875,1559.3183634263235,1541.7540764790933,1557.7082799664051,16136785
2023-08-23,1548.1943359375,1552.0487927093366,1535.1675132316573,1541.7541210271847,18249294
2023-08-24,1541.071044921875,1557.5618632329904,1537.9972709300926,1554.7321567827373,21572896
2023-08-25,1523.701904296875,1539.3146039246367,1520.676967567085,1536.4360600769462,15034878
2023-08-28,1539.55859375,1544.3400069626475,1523.7019452642212,1523.7019452642212,14433619
2023-08-29,1551.8048095703125,1554.097901002535,1543.1689398058263,1551.219238042558,17769466
2023-08-30,1540.4854736328125,1565.124264671195,1535.6065051103606,1565.124264671195,14042102
2023-08-31,1533.4110107421875,1544.8278688627286,1525.2631569124446,1540.7783010564954,50037886
2023-09-01,1536.5823974609375,1540.778358305797,1521.6039869585088,1532.972008168719,21613388
2023-09-04,1546.1939697265625,1552.9268510284176,1536.7775366086737,1551.5119977961015,12536819
2023-09-05,1536.777587890625,1549.9508034058397,1532.581627154415,1549.9508034058397,19356041
2023-09-06,1556.87890625,1561.2699780633031,1536.7775791055244,1538.6316110275638,28160455
2023-09-07,1571.857421875,1574.931196173895,1548.731156417513,1556.8790108398075,17104171
2023-09-08,1584.1036376953125,1593.3736785551043,1568.686048408636,1569.3691755202071,17251105
2023-09-11,1592.30029296875,1596.8864759593007,1584.689054053104,1589.4704672634227,15786511
2023-09-12,1597.27685546875,1603.1316181236916,1585.7137230483306,1600.301792350713,19516670
2023-09-13,1604.107421875,1611.620986349386,1589.177729365875,1591.8124440462539,23210047
2023-09-14,1603.131591796875,1610.0597036683582,1595.5203528242632,1604.448889549514,11769424
2023-09-15,1621.525146484375,1629.5754443381413,1610.0595707532534,1610.0595707532534,86705601
2023-09-18,1589.6168212890625,1614.9386209011225,1586.738158320304,1613.718878740321,18528144
2023-09-20,1525.8486328125,1560.2941996888326,1522.6285849203093,1560.2941996888326,57737324
2023-09-21,1515.7491455078125,1530.9715036601715,1499.8437794001684,1515.40764153017,36420721
2023-09-22,1492.6229248046875,1526.53175741941,1486.8657178901774,1521.2624473770545,30852125
2023-09-25,1493.940185546875,1503.4053369861347,1488.0854232259858,1488.0854232259858,20104377
2023-09-26,1500.4293212890625,1502.7224128362093,1488.0855062176747,1488.0855062176747,13787654
2023-09-27,1489.890625,1495.403883368624,1478.327493183338,1486.133842982326,19669269
2023-09-28,1486.81689453125,1500.3804515277113,1481.596421773222,1496.8676178382732,27677094
2023-09-29,1489.35400390625,1498.2824211604316,1485.450829022518,1486.8168449394686,16026891
2023-10-03,1471.5457763671875,1490.0370198315584,1469.5453515824013,1490.0370198315584,19485847
2023-10-04,1492.525390625,1497.8434189614522,1453.2008545200931,1458.8116686302092,27324715
2023-10-05,1498.5751953125,1513.99278362997,1495.5014212922865,1497.8921873593165,24256337
2023-10-06,1496.91650390625,1507.6013982085374,1492.818098538936,1506.6256044232891,8879678
2023-10-09,1479.5472412109375,1492.9644049811934,1475.4001178637675,1491.0128175237016,8227486
2023-10-10,1487.9390869140625,1491.9886548297247,1478.5226533335451,1483.7432452271723,16633146
2023-10-11,1502.33203125,1504.8203529546595,1491.5007444655869,1493.0619906399752,15666680
2023-10-12,1512.3338623046875,1514.4318426107743,1494.5256270420286,1498.9166987506294,11012668
2023-10-13,1498.5751953125,1511.3093509181945,1492.9155441287596,1502.722318594335,19872650
2023-10-16,1492.5740966796875,1497.306672545692,1483.694397374786,1494.4281286284017,8928042
2023-10-17,1503.8931884765625,1518.091034322574,1497.8433152403347,1518.091034322574,16451279
2023-10-18,1482.9625244140625,1503.8932523222068,1481.3524409329486,1503.8932523222068,15608100
2023-10-19,1478.2786865234375,1489.305203489473,1466.8131100182768,1468.9599277268094,15126182
2023-10-20,1485.938720703125,1490.0370066705796,1468.569544884887,1468.569544884887,10547005
2023-10-23,1469.5941162109375,1491.7445850525412,1463.7880723583132,1486.6216682436934,11188068
2023-10-25,1460.275390625,1485.938814665058,1455.3475843936833,1484.1823382162547,14155998
2023-10-26,1427.9765625,1455.884239241459,1424.9027884399065,1455.1523939469341,27780899
2023-10-27,1433.58740234375,1442.2231531521875,1431.3918664204805,1433.9289063309468,15970266
2023-10-30,1449.1512451171875,1453.8838208862876,1426.5128782192849,1427.830175932166,11655491
2023-10-31,1440.759521484375,1467.5938505333559,1438.3200370253767,1467.5938505333559,16317412
2023-11-01,1438.807861328125,1441.6864051983373,1426.8543880820962,1426.8543880820962,16938733
2023-11-02,1441.00341796875,1454.4205820094273,1431.6358218070757,1449.0537163931563,22612577
2023-11-03,1447.8338623046875,1455.2987077261785,1445.784719414488,1451.9809854149116,9047670
2023-11-06,1458.32373046875,1461.7390085260538,1447.1021025661803,1461.7390085260538,12796865
2023-11-07,1451.2491455078125,1457.835752824792,1441.4423714119118,1457.835752824792,20976424
2023-11-08,1455.4451904296875,1457.2991032304478,1445.1505188980436,1448.0290627648628,15699773
2023-11-09,1449.68798828125,1456.4697071029368,1447.5900079249361,1450.029492265895,11058370
2023-11-10,1455.3963623046875,1459.787434131956,1444.2235716348162,1444.2722898525176,7007593
2023-11-13,1452.76171875,1459.7385484632828,1449.9318931763733,1455.9817665141052,10302957
2023-11-15,1467.984130859375,1474.3755084070488,1464.2273487717428,1467.6913450902828,20622730
2023-11-16,1471.83837890625,1482.2306054601813,1467.3497517845606,1473.1556765560858,14856919
2023-11-17,1468.6671142578125,1471.009043025021,1452.956859080767,1453.9326528074835,11850937
2023-11-20,1468.7646484375,1476.375887041326,1465.2030966791601,1476.375887041326,9665726
2023-11-21,1481.2060546875,1485.1580669665395,1475.4976851520123,1482.230685757013,12479986
2023-11-22,1475.9368896484375,1483.2065054665513,1467.1547458660698,1483.2065054665513,14561825
2023-11-23,1484.47509765625,1486.9633002798782,1471.9848898574844,1471.9848898574844,6523110
2023-11-24,1495.0135498046875,1496.0381808672937,1483.060076613029,1484.377374325347,8234596
2023-11-28,1491.6470947265625,1500.0388969001176,1488.8661064461123,1498.0384721268329,14244669
2023-11-29,1521.4088134765625,1525.1655955029207,1495.8917836890453,1496.7700218665505,17021244
2023-11-30,1521.0672607421875,1534.386749398231,1504.8202718831428,1531.1667016711801,34745720
2023-12-01,1517.74951171875,1527.8489524705112,1514.5293449327673,1520.1889959155735,11076768
2023-12-04,1570.4425048828125,1572.9795448417256,1535.5578778802744,1549.560494546315,25331228
2023-12-05,1584.396240234375,1599.3259320294558,1577.3705729869525,1596.8864476913998,26115410
2023-12-06,1588.3970947265625,1598.7892027462867,1577.5169707222801,1598.7892027462867,19306530
2023-12-07,1590.9827880859375,1594.446903361817,1577.0777278822006,1585.6647600752465,10225193
2023-12-08,1613.1822509765625,1614.9387274501821,1590.9829421853287,1590.9829421853287,16864019
2023-12-11,1611.0355224609375,1623.4280557567643,1607.1323473610928,1610.1085660209048,11593810
2023-12-12,1595.032470703125,1616.158429621341,1592.349037838848,1614.1580047490634,18290738
2023-12-13,1591.4219970703125,1596.3985212045238,1576.0044086936755,1592.9344058625784,14673457
2023-12-14,1610.2060546875,1618.7929680811883,1605.1806931321125,1606.1564868665394,17586183
2023-12-15,1616.451171875,1627.6239625810715,1606.7419526673136,1610.0596752150886,69418565
2023-12-18,1615.6217041015625,1624.4038480683014,1610.9866836746726,1620.500672971973,9007377
2023-12-19,1612.889404296875,1618.5002179805367,1604.2536540155447,1610.0595787898533,12004223
2023-12-20,1616.8902587890625,1628.550946563842,1604.6439994664781,1617.8660525481387,17116260
2023-12-21,1645.8712158203125,1648.847434305153,1610.3035824601739,1616.890190053936,18294620
2023-12-22,1630.4049072265625,1645.0906503045844,1626.7456807900564,1642.8462771106833,24289425
2023-12-26,1641.72412109375,1645.1393991647712,1628.1606834754796,1632.7468663818154,9022928
2023-12-27,1662.069580078125,1665.1920725034424,1637.9674024319809,1640.7972281948657,13504539
2023-12-28,1663.9722900390625,1679.7313829043046,1660.800960355657,1667.924302367639,22038235
2023-12-29,1667.8753662109375,1673.3886243877432,1654.9460998062016,1655.921893497125,12505713
2024-01-01,1656.995361328125,1667.7779300307332,1651.0430432105622,1664.7041558612407,7119843
2024-01-02,1657.9710693359375,1661.5815775332878,1647.8227909258005,1657.6784026921155,14621046
2024-01-03,1632.4052734375,1663.435441036763,1628.5508169267055,1660.8008457431583,14194881
2024-01-04,1649.9207763671875,1653.921506768767,1630.258509220425,1637.3818509739383,13367028
2024-01-05,1641.4801025390625,1663.6306908370068,1627.721435292354,1646.3103527881492,15944735
2024-01-08,1623.18408203125,1641.6266079138568,1619.817641206248,1637.8698257618598,8999235
2024-01-09,1610.5474853515625,1637.1867007348474,1606.8882590140477,1626.794474113217,12663444
2024-01-10,1615.8656005859375,1619.768775556757,1601.6678730988501,1603.2291192640885,8057912
2024-01-11,1609.0838623046875,1622.647418987713,1603.2290999191034,1619.817593344925,9157005
2024-01-12,1601.47265625,1615.9144514087695,1594.0566475666242,1612.0112764053667,9886776
2024-01-15,1632.3077392578125,1640.211644357521,1603.814491918713,1607.8152222417316,14160178
2024-01-16,1638.5040283203125,1642.8951000055326,1617.963523124383,1632.5028731940897,12661250
2024-01-17,1500.2828369140625,1558.1474518636571,1491.4031379300502,1531.9961326537093,85072618
2024-01-18,1450.1759033203125,1478.3275291446305,1444.223585276879,1457.835860423814,80535465
2024-01-19,1435.051025390625,1473.6924319976692,1432.8554895707312,1469.496471451251,54800269
2024-01-23,1392.7991943359375,1439.0030048771102,1390.5061028315506,1429.5378530864714,57734701
2024-01-24,1420.658203125,1423.1464058210004,1346.8393790654993,1346.8393790654993,43002202
2024-01-25,1400.16650390625,1422.0730263889059,1385.0417004765413,1417.3404504291516,49470926
2024-01-29,1419.4383544921875,1427.3910971101432,1410.8026039183962,1412.9981397820097,32822749
2024-01-30,1409.3389892578125,1427.7813962132261,1406.0212666176626,1419.3408753974784,20864384
2024-01-31,1427.147216796875,1439.2469641748298,1402.0205273806976,1404.6551228966023,32880520
2024-02-01,1430.8551025390625,1437.9296070339824,1420.8044986569262,1429.586642167861,16345370
2024-02-02,1411.1441650390625,1445.0041607495157,1407.1434344597835,1439.295791096055,22433877
2024-02-05,1409.8756103515625,1416.7550041035195,1399.3371090630476,1410.9977970146022,19302523
2024-02-06,1409.143798828125,1414.6082202697992,1397.9221701594117,1410.5587713034524,20537870
2024-02-07,1395.336181640625,1418.6089571445195,1392.116133835339,1417.8282745226927,27418543
2024-02-08,1369.08740234375,1404.1183009815077,1366.5990807554622,1395.2386021092198,34553062
2024-02-09,1369.6240234375,1379.9674129094828,1353.4258717230239,1358.4512331375859,28321062
2024-02-12,1356.353271484375,1379.430816797108,1349.864219420012,1365.7697047102151,17223906
2024-02-13,1360.695556640625,1370.3559386568656,1350.840063519187,1358.2560722484152,28790497
2024-02-14,1350.54736328125,1357.8169789431033,1330.543591762505,1342.692176087467,45660405
2024-02-15,1379.8211669921875,1381.236020249833,1350.8400218377067,1351.4743115831993,20792472
2024-02-16,1385.529541015625,1393.1406606401683,1374.3566313381355,1389.432715935528,16087871
2024-02-19,1382.79736328125,1394.4093332666027,1380.943331247378,1394.4093332666027,17225878
2024-02-20,1419.0968017578125,1421.9753454783624,1377.6255702032884,1380.7480623447473,28066754
2024-02-21,1404.3135986328125,1428.5620494885413,1400.2640307486727,1428.5620494885413,22946568
2024-02-22,1385.18798828125,1394.2140799658503,1378.0158093259981,1383.431511982935,25280441
2024-02-23,1386.212646484375,1399.1907516520891,1383.675606431076,1388.1155158609397,14916726
2024-02-26,1387.8714599609375,1400.1175997161313,1379.3332648841224,1379.3332648841224,11753435
2024-02-27,1385.7735595703125,1392.1649373557993,1378.8454475600013,1379.3333444496775,16043575
2024-02-28,1375.28369140625,1389.7253669784416,1370.0143815004672,1385.7734738856875,12660993
2024-02-29,1369.428955078125,1376.2595112408621,1363.4766371022577,1368.1603755731524,26647850
2024-03-01,1396.116943359375,1398.068530909065,1366.1112847828936,1366.1112847828936,17369449
2024-03-04,1398.0196533203125,1402.2156140775098,1389.8230811399837,1396.3120142635028,17808237
2024-03-05,1405.9722900390625,1408.0702702592794,1387.2370991620376,1387.578603124529,18995836
2024-03-06,1407.679931640625,1417.6818168087264,1398.849070351711,1398.849070351711,21204765
2024-03-07,1411.09521484375,1415.925465022232,1406.5090322003648,1410.50976245966,24674023
2024-03-11,1393.2384033203125,1410.9489650916057,1388.5545455415954,1395.385101984878,25265547
2024-03-12,1424.2198486328125,1428.5620832752763,1394.653249672943,1399.288270093406,32709227
2024-03-13,1425.0491943359375,1435.9780365211368,1414.9984712198313,1430.0257185610649,31533727
2024-03-14,1420.218994140625,1430.5136660547985,1409.3389889033053,1426.708046530744,26216079
2024-03-15,1417.48681640625,1423.9758686743733,1407.3385375713785,1414.9009391426584,71806902
2024-03-18,1411.046630859375,1420.7557312391768,1401.0447447019562,1411.9735872960773,10718928
2024-03-19,1414.2667236328125,1417.2429423762037,1400.7520032931654,1400.7520032931654,18091797
2024-03-20,1396.40966796875,1416.5109950269332,1390.164564260217,1413.973955146561,21803047
2024-03-21,1410.7537841796875,1416.1206496910058,1403.484168542353,1407.6800101092072,14461430
2024-03-22,1407.9239501953125,1415.6327444344151,1402.9474260283166,1406.1187556298412,22990163
2024-03-26,1390.896484375,1403.1426249023095,1387.7251545750885,1392.6528417179873,28422145
2024-03-27,1405.8260498046875,1412.9005547026668,1386.8469084487028,1389.0912817866563,31084334
2024-03-28,1412.851806640625,1425.1467841736378,1405.8260201107255,1405.8260201107255,27796071
2024-04-01,1434.9046630859375,1438.1248300032364,1420.3653128568776,1422.7072416044182,12599785
2024-04-02,1444.321044921875,1458.6651644277797,1427.8301078423133,1429.6841396646498,20612723
2024-04-03,1446.419189453125,1459.446012788587,1435.7830132683696,1436.466021278442,22792193
2024-04-04,1490.62255859375,1492.9644874952644,1467.5938491456716,1467.5938491456716,44467533
2024-04-05,1512.041259765625,1516.87139120369,1493.110837107314,1501.7465880106008,29527951
2024-04-08,1509.16259765625,1519.5548249700646,1504.2349106627812,1517.3104516873905,10241470
2024-04-09,1511.0654296875,1517.212858723131,1503.015131407276,1517.212858723131,10942247
2024-04-10,1499.1607666015625,1512.3828201124581,1495.8430438899088,1512.3828201124581,13903700
2024-04-12,1482.181884765625,1492.8180605774496,1476.815019083236,1484.1823096206952,20542104
2024-04-15,1458.518798828125,1473.4484901158733,1455.9330408100104,1461.2999061713597,11707624
2024-04-16,1472.7166748046875,1476.2783457127769,1446.3702443129025,1451.0052644920129,10372443
2024-04-18,1458.518798828125,1482.0842405560468,1454.957247107947,1473.2533790216376,17117442
2024-04-19,1494.2330322265625,1497.7945841579467,1444.4187131359706,1450.5662614697076,17288217
2024-04-22,1475.59521484375,1519.7011624302927,1471.7897146304113,1519.7011624302927,21149219
2024-04-23,1471.1065673828125,1489.549092249806,1466.8618885846847,1489.353981154778,13413530
2024-04-24,1475.107421875,1484.9141970919213,1472.5216636288087,1478.3275890220211,11220790
2024-04-25,1474.180419921875,1482.9137264099338,1469.7893480108053,1469.7893480108053,17722602
2024-04-26,1473.25341796875,1491.0128161696184,1469.1062946253462,1483.011355247347,12427347
2024-04-29,1492.4765625,1497.3066939871153,1470.0821432554478,1478.3275529176203,18046675
2024-04-30,1483.3040771484375,1502.2344999971492,1478.2299972207393,1492.183776579634,26153691
2024-05-02,1495.159912109375,1499.7949322317568,1483.5479431375825,1485.15802658213,16737503
2024-05-03,1482.816162109375,1503.3078309068096,1470.7162957582764,1496.1357706507972,15932621
2024-05-06,1485.7923583984375,1497.3554903660538,1480.4254928415698,1485.1580686459001,14396698
2024-05-07,1469.6917724609375,1487.1585043148455,1467.7401849714604,1485.109242158537,14240301
2024-05-08,1446.7606201171875,1460.7143992040217,1444.51624685709,1459.7386054588399,20843931
2024-05-09,1412.46142578125,1450.7613297273047,1410.314727218987,1439.2469160540322,23140639
2024-05-10,1422.253662109375,1436.1507060236834,1411.2744697744579,1423.3416684232827,13638304
2024-05-13,1439.4149169921875,1443.9154551514357,1414.7364549444133,1416.4179083544493,13523601
2024-05-14,1445.0528564453125,1449.553394640186,1434.518839321485,1436.44757240956,12832571
2024-05-15,1422.84716796875,1443.8164349037365,1420.1765959294337,1443.8164349037365,19465998
2024-05-16,1444.3604736328125,1446.635494769446,1419.879787639036,1430.315037440262,17472618
2024-05-17,1448.1685791015625,1452.026165952429,1430.4633312674985,1430.4633312674985,10460095
2024-05-21,1442.92626953125,1453.7075657340822,1434.3208652209864,1434.3208652209864,21884989
2024-05-22,1443.3218994140625,1449.6522829822518,1432.3922106735552,1441.9866133723565,19998139
2024-05-23,1476.3583984375,1479.3752584647682,1441.1953046473295,1442.7778702591684,20430960
2024-05-24,1500.6907958984375,1503.3614887492201,1469.8303417309107,1471.314019734004,15530103
2024-05-27,1511.0765380859375,1528.1883393083358,1502.520758216763,1506.77389603629,14692720
2024-05-28,1513.8460693359375,1519.335726051442,1508.2081414189497,1513.4503977339336,13954452
2024-05-29,1491.8876953125,1507.2684177430372,1484.9143605929237,1501.4820978385067,17573853
2024-05-30,1498.3663330078125,1507.0211210232046,1481.3535408629355,1482.8866022947354,16877675
2024-05-31,1514.8846435546875,1519.2861730378406,1497.5255637886007,1502.4711567997915,37039794
2024-06-03,1555.09228515625,1581.6007131353779,1533.133899537108,1581.6007131353779,36318628
2024-06-04,1467.0113525390625,1542.035978128332,1438.178519691209,1540.0577408247677,44765620
2024-06-05,1534.914306640625,1542.6293593501262,1466.219946760192,1477.7927069374703,40815825
2024-06-06,1542.728271484375,1548.4157035794842,1529.7708416421824,1547.871760780816,23211435
2024-06-07,1556.229736328125,1567.1100410061952,1535.161582442163,1544.0636499060388,18356108
2024-06-10,1544.31103515625,1563.4504573639138,1540.6512236145254,1556.8727940285391,11227029
2024-06-11,1547.77294921875,1553.9054367001327,1535.3099573339637,1539.0686565916017,14772663
2024-06-12,1557.0211181640625,1571.0171709503484,1549.3554487687563,1557.861844852563,19640218
2024-06-13,1563.54931640625,1568.4454054595662,1556.8727654742606,1564.538435062841,12060096
2024-06-14,1579.5235595703125,1581.6006845385634,1560.5324094871141,1566.7639051338865,12770277
2024-06-18,1590.304931640625,1592.9755035609028,1572.154508756827,1579.5235147639921,16207857
2024-06-19,1639.810302734375,1651.7292305672918,1586.5462884579292,1595.8440277631316,45065598
2024-06-20,1651.1851806640625,1663.1534920823342,1634.0239963759518,1651.6303564981188,20704371
2024-06-21,1647.6243896484375,1654.6471079082598,1625.2703323284015,1654.6471079082598,25815388
2024-06-24,1654.2020263671875,1656.8725983801082,1627.8419906431252,1629.0783889346665,14272497
2024-06-25,1692.7281494140625,1698.2671896136583,1652.9161244128125,1652.9161244128125,37260774
2024-06-26,1682.9853515625,1692.2830908473647,1672.6984936460972,1689.3651184391142,23798333
2024-06-27,1677.693603515625,1694.3602284326557,1668.2474722173383,1677.6440992868716,27537325
2024-06-28,1665.47802734375,1688.0298600667693,1660.7302095378393,1679.1277922372037,13238023
2024-07-01,1686.64501953125,1688.7222652231756,1661.7192786483326,1661.7192786483326,10593512
2024-07-02,1711.7686767578125,1716.0219351631938,1684.221747063481,1696.338450279765,22960845
2024-07-03,1749.4046630859375,1774.4787958352051,1745.4481886247663,1771.5114399893268,61608901
2024-07-04,1708.3563232421875,1740.6015675131193,1706.0813020200872,1740.6015675131193,22924329
2024-07-05,1630.1663818359375,1666.6648832495694,1624.3305577995975,1666.6648832495694,41121274
2024-07-08,1617.55517578125,1636.9418773604393,1609.4444510695762,1627.396978889197,19543900
2024-07-09,1618.692626953125,1628.7815886134954,1602.7183370391892,1607.3177627857185,24275439
2024-07-10,1608.40576171875,1622.154534667076,1603.1140012571118,1612.213844252339,22753591
2024-07-11,1604.2515869140625,1608.158557344008,1583.5789826671298,1606.2792077321005,22088537
2024-07-12,1605.042724609375,1620.5719592747296,1593.6184770773464,1604.3503898772585,28024980
2024-07-15,1604.4493408203125,1612.0656268838352,1597.6243979749815,1605.8341310811368,16687847
2024-07-16,1602.1248779296875,1609.2959878941822,1599.2070263099074,1603.1139965454797,14475162
2024-07-18,1597.2288818359375,1606.279221102413,1581.7491504514119,1590.5028265611325,16858532
2024-07-19,1589.8104248046875,1605.339539023386,1586.0517257079478,1598.4157086024593,13001076
2024-07-22,1624.6768798828125,1633.0348841426392,1595.102208226313,1599.4048501869459,26872411
2024-07-23,1600.7896728515625,1629.8697857739867,1587.5354585816658,1629.622506107541,26001076
2024-07-24,1586.5958251953125,1603.3613380832728,1570.7699267318133,1590.6511875281797,30864103
2024-07-25,1599.0091552734375,1607.317775925085,1575.6659797222526,1575.6659797222526,12767866
2024-07-26,1600.5423583984375,1604.1031613694597,1579.0784113722364,1587.5354240776833,21905270
2024-07-29,1587.5849609375,1614.0932687039738,1580.9084099513473,1597.4266433536118,25500574
2024-07-30,1597.970703125,1616.9617331437491,1581.6007409676433,1584.5680969544494,27297917
2024-07-31,1598.16845703125,1610.1862727643238,1591.6896815838577,1596.437499395598,18910242
2024-08-01,1620.9676513671875,1632.0952359013233,1600.3444314369733,1605.2406410772048,13107587
2024-08-02,1641.09619140625,1652.322663655626,1613.252477954101,1613.252477954101,22059619
2024-08-05,1598.16845703125,1628.0892961618056,1583.5789569593262,1622.2534719846315,20666817
2024-08-06,1583.7767333984375,1615.1812505223597,1575.9627926604342,1612.2633988029302,22558025
2024-08-07,1605.8341064453125,1612.263377582913,1584.7658311899052,1599.404835307712,21173132
2024-08-08,1624.8251953125,1635.3099498365148,1601.6304107349945,1606.3287244302185,16988475
2024-08-09,1632.2435302734375,1644.45924206239,1627.8915048541417,1634.0239921209834,13322309
2024-08-12,1642.0357666015625,1657.7132722907515,1629.4245044293668,1634.023930075865,19658098
2024-08-13,1585.7550048828125,1614.6373425181755,1583.727384052692,1610.2851962178304,27027521
2024-08-14,1590.304931640625,1596.1406347806408,1585.7548894919792,1589.0190291652223,16167214
2024-08-16,1614.3404541015625,1616.3681955424247,1593.4700756453008,1610.7796512652837,13924623
2024-08-19,1613.7965087890625,1619.8301081330453,1606.0318311437713,1619.8301081330453,9751082
2024-08-20,1619.8795166015625,1628.089249449055,1609.7410507407772,1609.7410507407772,15567247
2024-08-21,1608.109130859375,1616.7639189467304,1600.196181750936,1610.3840312828386,23815452
2024-08-22,1613.54931640625,1620.4731470178888,1610.2851765353823,1614.2416511706044,10650319
2024-08-23,1607.3673095703125,1616.2198731859971,1605.3395680421502,1616.2198731859971,10166711
2024-08-26,1622.1051025390625,1630.0180518403747,1614.4394329034162,1614.4394329034162,11182133
2024-08-27,1619.9290771484375,1629.4740963171337,1614.4394203166419,1625.5176216973236,17886622
2024-08-28,1619.2861328125,1621.9073214077598,1612.4611899156803,1619.9290840893786,13460594
2024-08-29,1620.7203369140625,1626.5066565991772,1613.4008350959098,1624.1327478011253,24526302
2024-08-30,1619.08837890625,1643.915233433648,1603.5097598168518,1637.9805213995915,222671050
2024-09-02,1609.2464599609375,1628.8805607888028,1605.5372652063559,1628.8805607888028,17024840
2024-09-03,1619.5333251953125,1622.1050094222066,1606.922062970295,1616.2198020140054,18641430
2024-09-04,1623.93505859375,1626.902414563351,1614.2416474629108,1621.1654780586464,12341372
2024-09-05,1627.545166015625,1631.9468162685419,1624.1327551131992,1628.0892295470924,11438159
2024-09-06,1619.1376953125,1629.8202248280263,1616.3187313615201,1620.473102058456,13014801
2024-09-09,1628.5838623046875,1630.5620996108578,1612.3622922456864,1620.1763537534637,11896457
2024-09-10,1632.3919677734375,1636.0022750560352,1620.1763763856018,1636.0022750560352,13303323
2024-09-11,1626.01220703125,1634.5186034514882,1621.3632768334044,1632.441478391271,11113342
2024-09-12,1648.465087890625,1651.8281153877226,1629.1278910808494,1636.0022172762235,16212023
2024-09-13,1647.8221435546875,1655.7845968722977,1639.019084286797,1655.7845968722977,11930266
2024-09-16,1652.7677001953125,1659.5432592965851,1645.9428783505564,1648.8607299658063,7586410
2024-09-17,1650.6412353515625,1659.741078546187,1646.0418095254229,1659.741078546187,10063561
2024-09-18,1676.3582763671875,1680.413638538756,1652.9160927553091,1653.6579317162796,20458671
2024-09-19,1689.9091796875,1700.2949253045435,1680.6609446435846,1680.710328129882,15325888
2024-09-20,1722.2532958984375,1725.962490730009,1688.9695508700852,1697.8221142379614,30311693
2024-09-23,1740.6510009765625,1747.1296555117192,1721.313683600945,1729.968471551819,13482675
2024-09-24,1748.811279296875,1762.263268802836,1735.1613936154893,1745.7944191143442,16519518
2024-09-25,1759.740966796875,1768.5441469339328,1740.9972166684056,1740.9972166684056,15982656
2024-09-26,1764.0435791015625,1768.5441171820273,1748.81124873511,1753.7568419039637,15949822
2024-09-27,1733.578857421875,1758.8507669411922,1730.9576688035675,1757.6638728365367,17806751
2024-09-30,1713.2030029296875,1732.3918081113518,1705.6362211224732,1729.7707402872122,13191767
2024-10-01,1707.41650390625,1723.0446263108133,1701.3829045067225,1705.2404912513446,12286142
2024-10-03,1663.697509765625,1707.3671207488399,1655.141609600888,1696.9813752954872,24236699
2024-10-04,1639.612548828125,1672.2534641687764,1635.0131229726287,1656.2791738763865,24341616
2024-10-07,1600.1961669921875,1640.9478062279852,1595.4483492741049,1634.2217512510383,47229148
2024-10-08,1633.0843505859375,1638.7717826674386,1604.350406294763,1612.263355277721,14867203
2024-10-09,1615.379150390625,1638.722326425496,1610.9774999447513,1631.5512161997017,20562821
2024-10-10,1644.310791015625,1647.3275303118398,1614.7361206152186,1621.165391539567,10877383
2024-10-11,1633.034912109375,1646.3385098258125,1625.369242473489,1646.3385098258125,11836297
2024-10-14,1669.731201171875,1673.6382923600645,1636.0022787037162,1638.0300202721965,9263754
2024-10-15,1665.774658203125,1679.5234312884604,1657.2682621459455,1675.5669567742357,9825565
2024-10-16,1681.303955078125,1689.3651756043241,1661.8182449322444,1661.8182449322444,10235341
2024-10-17,1654.94384765625,1679.1772539114825,1647.080282160871,1676.5065611850819,7347866
2024-10-18,1663.5491943359375,1672.5996542242308,1636.1011515182424,1645.0032194591165,12404862
2024-10-21,1709.8892822265625,1729.1277115171938,1692.4314354617347,1696.3384056502448,23274177
2024-10-22,1695.8934326171875,1721.066454006858,1692.0852292144161,1711.2247717189728,19437640
2024-10-23,1716.9122314453125,1727.4957528913812,1686.4968324178806,1686.4968324178806,19018045
2024-10-24,1730.6114501953125,1749.4047043289343,1719.1870816225392,1719.1870816225392,15416129
2024-10-25,1724.429443359375,1738.7221592633232,1709.889327055954,1735.9031953167685,13065239
2024-10-28,1715.3294677734375,1731.9467089372617,1710.0872115165546,1723.0446413299314,11006071
2024-10-29,1732.7874755859375,1744.8052912814335,1706.3285518094192,1707.3671746843718,17897463
2024-10-30,1715.7252197265625,1735.6559850626077,1705.4383614167948,1723.044722028245,16357862
2024-10-31,1716.8131103515625,1719.9783623253056,1700.6905495733076,1709.1969454078367,11447956
2024-11-01,1718.3958740234375,1725.121808378973,1707.3176727299317,1714.1426155438019,879846
2024-11-04,1695.4482421875,1726.0120324112672,1692.2831108260189,1726.0120324112672,14044624
2024-11-05,1738.72216796875,1743.5193691989437,1679.4245541115502,1684.4690350004344,22116203
2024-11-06,1736.1505126953125,1752.2236907789468,1726.3582138990325,1752.2236907789468,13893955
2024-11-07,1727.545166015625,1741.788377483704,1719.088153557187,1725.3196491309855,9447728
2024-11-08,1735.359130859375,1742.6292493782655,1726.8527347958932,1732.9358385144249,9951493
2024-11-11,1747.080322265625,1763.4007800137342,1732.1445340358582,1735.4581781116683,12282681
2024-11-12,1699.5035400390625,1755.685525140361,1690.057529799715,1752.7181693232224,15697703
2024-11-13,1663.0545654296875,1710.5817633557972,1654.795449111813,1698.0693886806364,17864250
2024-11-14,1674.33056640625,1686.298877719973,1653.9052424815711,1654.8943611148047,13573235
2024-11-18,1686.546142578125,1700.196027893774,1676.5560686185365,1681.501661741305,13540984
2024-11-19,1723.2919921875,1734.666856822401,1684.1723007332698,1695.3493899321998,25490636
2024-11-21,1722.2532958984375,1739.8596556624375,1715.3294655461707,1730.3641410420184,17858256
2024-11-22,1726.60546875,1735.2108733378661,1710.7301870699723,1724.577847989185,12386806
2024-11-25,1766.170166015625,1783.9249175118237,1745.695459083716,1765.62622322529,213868637
2024-11-26,1766.120849609375,1790.3047522476238,1750.5422309088779,1790.3047522476238,15467783
2024-11-27,1792.5797119140625,1797.574688468061,1765.7251174035728,1770.4234308186708,16357488
2024-11-28,1773.6380615234375,1816.1206575705266,1768.5440765282106,1799.2067534702544,17861196
2024-11-29,1776.506591796875,1784.9634837718759,1763.4996574583167,1781.69946468648,13834768
2024-12-02,1785.0623779296875,1788.4749097146703,1755.6856023450055,1783.8754838474465,7555438
2024-12-03,1806.4273681640625,1817.4065606013933,1796.3382858833122,1802.8664445696695,21705121
2024-12-04,1839.8594970703125,1844.7062023939066,1811.2245616892087,1818.0,22334542
2024-12-05,1845.4481201171875,1859.493556641852,1815.2304970812227,1839.7606878831402,19841357
2024-12-06,1835.65576171875,1843.9148780245807,1823.934730252462,1836.7932722770183,8891578
2024-12-09,1849.65185546875,1859.543041861631,1828.8803640437,1833.479789864794,13473956
2024-12-10,1847.7724609375,1857.2679754951744,1838.3264506073938,1857.2679754951744,6662740
2024-12-11,1842.826904296875,1851.5311965796843,1836.5460251144718,1841.442114059789,7022713
2024-12-12,1839.018798828125,1848.3165380277508,1828.5835490642544,1830.858570192744,8646895
2024-12-13,1851.3828125,1854.5974480766663,1809.3452703435958,1842.2334650894886,9504501
2024-12-16,1844.904052734375,1849.6023663092722,1835.0623704900838,1844.8051650180448,6553541
2024-12-17,1813.3017578125,1842.0850862632194,1806.6252069518785,1836.1503743871115,10539766
2024-12-18,1790.9970703125,1816.0218201616449,1787.485771591278,1809.938716386882,11711156
2024-12-19,1773.9842529296875,1781.501530327013,1759.6420328753354,1780.0178523903558,12690385
2024-12-20,1752.2236328125,1777.9902211232875,1747.8221032566314,1762.8071537344865,12846174
2024-12-23,1781.4027099609375,1786.3483032701017,1761.9171206196404,1762.6094553861137,5522296
2024-12-24,1778.5341796875,1789.0188129889934,1770.0772878688795,1782.4412707107397,7242917
2024-12-26,1771.26416015625,1792.282930729094,1761.3729740043236,1778.9793336515602,5240839
2024-12-27,1778.6826171875,1786.2987825163511,1769.6321573670446,1775.2702061325524,3629665
2024-12-30,1758.5540771484375,1795.2503550228132,1751.7291342949875,1772.698401439767,11111109
2024-12-31,1753.5589599609375,1762.4116442502313,1746.3878498079112,1751.0367798695688,7058618
2025-01-01,1763.3511962890625,1774.4787806156658,1741.9367543032404,1754.1523449489302,3656903
2025-01-02,1774.2315673828125,1783.8259699312237,1753.7073555231925,1757.7627178145203,9279288
2025-01-03,1730.166259765625,1775.7152209862127,1727.297912331468,1771.5114668075794,12213097
2025-01-06,1691.887451171875,1738.0792438395363,1687.238641812731,1721.165339069473,9408174
2025-01-07,1694.755859375,1702.2731367018632,1681.5016457833628,1696.338425010863,6763953
2025-01-08,1675.86376953125,1693.0249538839478,1665.032847916753,1689.6619263405146,9869095
2025-01-09,1649.652099609375,1670.621366271091,1640.057576452008,1665.8241650634177,20210111
2025-01-10,1638.7222900390625,1656.6748173196283,1636.0022138069166,1652.8172305147266,8726640
2025-01-13,1613.1041259765625,1628.8311366577489,1606.62547126519,1622.1545857711906,10834533
2025-01-14,1628.6827392578125,1638.1782541162704,1619.1872243993546,1622.0556926227487,13330716
2025-01-15,1625.17138671875,1644.6074708865187,1618.4948360755266,1638.4749837776988,7011446
2025-01-16,1634.073486328125,1642.4809947105991,1624.9735224571762,1634.8647087894985,10606227
2025-01-17,1618.93994140625,1632.5403227683003,1610.7797125890197,1625.616492256711,11556038
2025-01-20,1633.2821044921875,1642.8765067107925,1608.306859593821,1608.306859593821,8778809
2025-01-21,1624.5284423828125,1642.9755287572707,1615.2802074527385,1640.20594833001,15579072
2025-01-22,1647.921142578125,1653.707462417924,1607.762829587749,1624.528462819293,15309653
2025-01-23,1646.78369140625,1668.6431897795571,1633.282197465023,1668.6431897795571,17454579
2025-01-24,1631.8480224609375,1652.1249551014785,1626.6056452375487,1641.9369845511285,12118100
2025-01-27,1612.0655517578125,1625.7153160703404,1608.3068527595995,1623.2425195562573,11402083
2025-01-28,1652.2237548828125,1665.9725277484147,1629.0783551961038,1629.0783551961038,15089656
2025-01-29,1659.0487060546875,1662.8567885850937,1650.690581288452,1656.7736849367727,6309945
2025-01-30,1673.0941162109375,1679.4244994156518,1654.3503669894485,1662.7083708841774,12872423
2025-01-31,1680.2652587890625,1686.150466291987,1665.62625488956,1668.8903946383198,7910843
2025-02-01,1672.550048828125,1694.360162260864,1657.8122782777295,1679.028823956694,2793764
2025-02-03,1659.7410888671875,1668.4453812534073,1645.349364263455,1651.828139694996,10138270
2025-02-04,1702.17431640625,1707.0210219609323,1661.7688435247674,1670.3246232912106,14308251
2025-02-05,1718.890380859375,1725.2206434143388,1700.1960148503242,1714.1425632011333,11837753
2025-02-06,1724.87451171875,1729.9684968498739,1705.2405309143412,1716.6153952446862,13380358
2025-02-07,1713.895263671875,1747.772575910087,1706.2295944792868,1730.9575596166678,11754800
2025-02-10,1697.080322265625,1704.6964875672104,1689.9092120593446,1698.6135044686043,8597975
2025-02-11,1682.886474609375,1692.3819893844604,1670.3245954632957,1684.4690402815525,11362352
2025-02-12,1688.227783203125,1693.371151956651,1662.9062488232378,1674.5778973496554,11404785
2025-02-13,1679.2266845703125,1695.5966465320512,1675.1219387645679,1680.5125871127052,6301217
2025-02-14,1676.40771484375,1683.3810496024255,1661.7193270831162,1683.3810496024255,9979946
2025-02-17,1698.662841796875,1701.2840302942786,1662.9556836815443,1666.8626539426798,6469473
2025-02-18,1704.3009033203125,1712.708411673349,1687.584774328812,1694.4097170226223,8175455
2025-02-19,1708.4056396484375,1718.9892813739957,1693.816139939549,1698.3166779770647,5942056
2025-02-20,1668.7420654296875,1696.0417162693425,1666.961724288724,1692.3820255278974,13195255
2025-02-21,1674.083251953125,1676.5065442573725,1658.9991931098252,1662.6095001944939,7840470
2025-02-24,1658.850830078125,1665.873548202101,1643.0249319995226,1662.8073045977758,10346823
2025-02-25,1664.043701171875,1669.6322455735317,1652.9161165968144,1652.9161165968144,12069354
2025-02-27,1682.1939697265625,1692.1346600420295,1664.2415635700595,1664.2415635700595,17893400
2025-02-28,1713.5491943359375,1718.3463956986209,1666.6649456049367,1666.6649456049367,27258364
2025-03-03,1683.034912109375,1724.0833366917977,1675.665905612617,1720.8687010317285,10602682
2025-03-04,1691.392822265625,1695.646080583334,1674.825085556298,1679.5233989514802,9960479
2025-03-05,1671.6104736328125,1692.1841892974087,1669.8795160417726,1683.4303928862487,10791936
2025-03-06,1672.79736328125,1681.4027677278386,1654.053613712989,1668.6431133704964,16483044
2025-03-07,1670.86865234375,1682.6391882357625,1659.3453961102166,1663.697542247854,6686457
2025-03-10,1669.1376953125,1681.402790525719,1664.7361656868547,1670.621373263889,7802025
2025-03-11,1667.159423828125,1675.5669320467778,1651.8775895392637,1664.0931802732555,9949215
2025-03-12,1692.5303955078125,1699.8003934086098,1673.1436941916788,1673.1436941916788,9392053
2025-03-13,1688.02978515625,1702.075341775916,1681.5511307463416,1697.3770284077002,7868132
2025-03-17,1691.78857421875,1705.2405637986876,1686.4473093252682,1686.4473093252682,9475326
2025-03-18,1691.78857421875,1691.78857421875,1691.78857421875,1691.78857421875,0
2025-03-19,1725.121826171875,1731.9467690561378,1713.3512900007588,1716.1208705382062,7610703
2025-03-20,1749.5035400390625,1754.6964127374117,1730.2652313867475,1734.9140405532244,8916989
2025-03-21,1751.086181640625,1754.7953765860927,1736.4472980343926,1736.4472980343926,16754132
2025-03-24,1780.41357421875,1784.765720437467,1754.3503218778967,1759.6420825195312,8696868
2025-03-25,1801.630126953125,1823.6380170403143,1781.8972580706343,1785.2602856480926,19550708
2025-03-26,1786.892333984375,1807.6143212720528,1782.3917958589545,1805.1415246629256,12239221
2025-03-27,1805.4876708984375,1820.967401638719,1778.534188174562,1780.4135377238968,20829050
2025-03-28,1808.306640625,1816.021814276578,1786.199863276083,1809.0979838299897,14386824
2025-04-01,1748.6134033203125,1790.2058913744881,1746.1406066641075,1782.3918297924758,14255503
2025-04-02,1777.3472900390625,1779.6221904423942,1751.4323094930462,1751.4323094930462,5786782
2025-04-03,1775.319580078125,1784.370039849937,1757.66383637103,1761.7191986768298,5625019
2025-04-04,1797.525390625,1821.907069020865,1791.3927824826333,1793.2721320866171,16770227
2025-04-07,1738.57373046875,1760.4827318030539,1719.285917596287,1743.6183319674699,18997725
2025-04-08,1749.8992919921875,1762.6094425558153,1731.254429500762,1745.7944254270562,17781936
2025-04-09,1745.79443359375,1755.6856201863493,1734.419569012261,1745.79443359375,11227304
2025-04-11,1787.090087890625,1799.6024627305007,1755.4382916750444,1755.4382916750444,16387883
2025-04-15,1844.607421875,1856.3779581328727,1834.8151229464497,1844.7063095930612,24649172
2025-04-16,1857.5648193359375,1863.3017557861801,1840.255243010922,1863.3017557861801,9568410
2025-04-17,1885.9525146484375,1898.811057323367,1856.2789546293693,1861.5213318628812,17851542
2025-04-21,1906.1304931640625,1929.473668750272,1889.2165886911998,1903.0642495507163,17123649
2025-04-22,1940.35400390625,1949.1571840237666,1913.9445842957227,1913.9445842957227,22980875
2025-04-23,1902.96533203125,1957.3668559844475,1899.6023045839213,1957.3668559844475,15285321
2025-04-24,1895.942626953125,1902.9653450357623,1884.3698666060566,1889.216572012503,12965877
2025-04-25,1890.4034423828125,1911.9662764146635,1871.2146379094613,1903.8555520955367,9250439
2025-04-28,1899.3055419921875,1908.7021689621622,1887.6340146220625,1890.403474336422,6960246
2025-04-29,1888.0296630859375,1907.8120354118923,1879.523146392162,1897.920849248915,9459154
2025-04-30,1904.0533447265625,1915.8238804605487,1889.5133493000037,1892.1839212789164,15968435
2025-05-02,1900.9871826171875,1920.7695558776984,1899.1078330090343,1908.8012442034942,8920202
2025-05-05,1915.7249755859375,1930.7595301881363,1911.2739418329422,1917.900988235039,7534012
2025-05-06,1910.680419921875,1918.9890406085808,1903.3610386127025,1908.998966538313,8745078
2025-05-07,1924.42919921875,1927.4954428501762,1901.4816950987627,1912.9554471587564,10710389
2025-05-08,1907.5152587890625,1933.529126793494,1898.2175196120784,1933.529126793494,17401715
2025-05-09,1869.137451171875,1898.1186757053522,1866.2691037011123,1889.3154956352294,8594398
2025-05-12,1935.9029541015625,1938.5736468750379,1891.4916237548123,1896.7338801021149,9309486
2025-05-13,1901.679443359375,1940.3539574298177,1899.1077590840193,1928.7813178197073,12121051
2025-05-14,1889.81005859375,1909.196759883295,1882.292781041725,1901.1849230088733,7722654
2025-05-15,1912.7576904296875,1923.637995561274,1876.3580758744806,1892.67853357186,16120729
2025-05-16,1913.6478271484375,1922.648903566604,1907.4164520228114,1912.7577169462224,7934005
2025-05-19,1917.604248046875,1923.8357437398588,1909.9880828594692,1915.9227946653505,5101482
2025-05-20,1894.0633544921875,1913.5489438828665,1892.1840048815375,1907.1196725646596,11939545
2025-05-21,1905.8338623046875,1925.715123012811,1900.1958135568764,1906.0316377377942,7566020
2025-05-22,1899.0089111328125,1903.2620488621046,1884.468794602662,1894.3599810550002,10653335
2025-05-23,1912.559814453125,1915.9228420413544,1893.6676722189848,1899.206712559703,4783036
2025-05-26,1919.087890625,1928.6824136462042,1905.932685476324,1913.9445221181825,5401430
2025-05-27,1905.3392333984375,1926.8030590136404,1895.4480472638704,1910.581489604547,13081074
2025-05-28,1902.5697021484375,1913.4500071776201,1896.8327657453326,1899.305562342874,9078797
2025-05-29,1906.526123046875,1919.6814488723585,1886.5459753978732,1907.0206823524643,14458897
2025-05-30,1923.73681640625,1927.5944031490317,1904.4490034343605,1910.8782744249904,14374039
2025-06-02,1911.0760498046875,1914.9336365473755,1887.2383153576409,1909.0978125768493,7334411
2025-06-03,1903.65771484375,1930.7595897914816,1899.1077932375229,1916.9119287991246,12188792
2025-06-04,1920.0770263671875,1922.154272073102,1899.9979907268444,1900.0968784409308,6480771
2025-06-05,1928.3856201171875,1937.5844714975349,1919.0878810241302,1926.8030544877777,11127709
2025-06-06,1957.1689453125,1974.5775294421348,1921.560675352458,1922.8465778422667,15063504
2025-06-09,1957.366943359375,1973.291729660865,1954.3995873749227,1973.291729660865,6601294
2025-06-10,1943.9149169921875,1961.2244932411922,1939.7605462472134,1961.2244932411922,7766563
2025-06-11,1929.177001953125,1946.1897941086554,1925.8139744594912,1946.1897941086554,5548197
2025-06-12,1922.253173828125,1939.6616376051934,1914.2413370562833,1928.7813326517733,8174565
2025-06-13,1896.73388671875,1911.9663379777896,1892.1839651068349,1899.107795611669,6058881
2025-06-16,1914.3402099609375,1917.8021251466066,1899.2066467096336,1903.0642334934973,8256873
2025-06-17,1908.603271484375,1920.4726949646783,1898.2175259391095,1915.9227734456326,8489368
2025-06-18,1912.8565673828125,1915.230476273842,1896.1404381717568,1896.1404381717568,9216908
2025-06-19,1914.2413330078125,1925.6161972532404,1904.6468098512394,1912.8565427773563,8438110
2025-06-20,1943.3212890625,1948.4647782910715,1910.5814871475898,1910.5814871475898,16450204
2025-06-23,1927.19873046875,1936.5953572959124,1920.6705717688092,1927.19873046875,5869759
2025-06-24,1939.562744140625,1957.4657671806851,1934.3203671090732,1943.6181063719282,11312661
2025-06-25,1958.6527099609375,1960.4331718345895,1942.530148349187,1944.6072733737653,9202966
2025-06-26,1999.800048828125,2005.0423050023703,1958.454842740137,1959.839632938963,25042415
2025-06-27,2014.9000244140625,2019.800048828125,1993.4000244140625,2013.0,14106692
2025-06-30,2001.5,2013.800048828125,1995.5,2011.5,6824510
2025-07-01,2012.0999755859375,2016.0,2004.0,2005.0,7194693
2025-07-02,1986.0,2019.9000244140625,1977.9000244140625,2019.9000244140625,9439125
2025-07-03,1987.0999755859375,2008.0,1984.300048828125,1994.9000244140625,8430253
2025-07-04,1989.300048828125,2003.5,1980.0,1987.0999755859375,3931972
2025-07-07,1987.4000244140625,1998.4000244140625,1983.800048828125,1989.0,5674713
2025-07-08,2001.4000244140625,2005.0,1977.0,1977.0,7612158
2025-07-09,2011.199951171875,2013.800048828125,1998.0999755859375,2007.0,6930714
2025-07-10,2006.199951171875,2017.0,2000.0,2016.0,8515155
2025-07-11,1983.699951171875,2004.800048828125,1980.9000244140625,1998.0,6258461
2025-07-14,1983.0,1988.699951171875,1970.5999755859375,1983.0,6544425
2025-07-15,1995.5,2003.5999755859375,1973.0,1973.0,7249084
2025-07-16,1996.300048828125,2022.699951171875,1992.5999755859375,2018.0,8997306
2025-07-17,1986.9000244140625,2004.800048828125,1982.699951171875,2004.0,11264579
2025-07-18,1957.4000244140625,1997.0,1953.0,1986.9000244140625,8064723
